timestamp,transactions,anomalies,sla_breaches,failed_transactions
2026-03-19,477,3,294,40
2026-03-20,2251,8,1317,140
2026-03-21,2262,7,1313,171
2026-03-22,2222,15,1256,160
2026-03-23,2173,10,1297,149
2026-03-24,2236,12,1302,172
2026-03-25,2182,10,1261,163
2026-03-26,2221,10,1268,149
2026-03-27,2252,14,1317,149
2026-03-28,2177,10,1240,157
2026-03-29,2197,7,1266,162
2026-03-30,2235,10,1320,153
2026-03-31,2206,14,1250,147
2026-04-01,2266,5,1319,169
2026-04-02,2131,12,1262,143
2026-04-03,2305,10,1325,183
2026-04-04,2249,13,1311,170
2026-04-05,2197,8,1222,139
2026-04-06,2235,9,1277,149
2026-04-07,2225,15,1269,142
2026-04-08,2258,11,1310,166
2026-04-09,2264,14,1321,151
2026-04-10,2191,9,1234,150
2026-04-11,2222,9,1295,146
2026-04-12,2270,13,1306,163
2026-04-13,2198,11,1297,148
2026-04-14,2209,12,1239,158
2026-04-15,2241,5,1277,157
2026-04-16,2171,9,1244,154
2026-04-17,2250,8,1278,155
2026-04-18,2203,7,1252,165
2026-04-19,2209,17,1315,162
2026-04-20,2228,15,1279,147
2026-04-21,2183,9,1273,138
2026-04-22,2333,13,1374,187
2026-04-23,2248,8,1258,167
2026-04-24,2212,12,1289,153
2026-04-25,2153,13,1209,134
2026-04-26,2169,11,1275,161
2026-04-27,2271,11,1310,158
2026-04-28,2168,2,1232,144
2026-04-29,2264,9,1321,190
2026-04-30,2213,8,1266,141
2026-05-01,2295,10,1325,153
2026-05-02,2285,10,1317,165
2026-05-03,2322,15,1311,179
2026-05-04,2114,11,1229,160
2026-05-05,2248,13,1271,160
2026-05-06,2318,10,1369,157
2026-05-07,2245,15,1291,168
2026-05-08,2306,8,1335,178
2026-05-09,2243,14,1291,138
2026-05-10,2282,8,1297,150
2026-05-11,2239,10,1315,180
2026-05-12,2136,6,1278,165
2026-05-13,2208,11,1277,150
2026-05-14,2189,5,1279,136
2026-05-15,2198,9,1262,168
2026-05-16,2132,9,1267,155
2026-05-17,2210,10,1230,163
2026-05-18,2295,9,1311,165
2026-05-19,2170,14,1257,172
2026-05-20,2177,12,1259,143
2026-05-21,2223,11,1263,165
2026-05-22,2199,5,1248,143
2026-05-23,2168,6,1252,132
2026-05-24,2245,15,1298,144
2026-05-25,2171,12,1230,145
2026-05-26,2314,8,1348,158
2026-05-27,2278,8,1314,147
2026-05-28,2163,14,1256,166
2026-05-29,2180,9,1276,154
2026-05-30,2255,13,1323,157
2026-05-31,2227,6,1328,152
2026-06-01,2119,7,1230,144
2026-06-02,2138,9,1263,151
2026-06-03,2216,9,1281,128
2026-06-04,2202,9,1255,172
2026-06-05,2315,10,1299,165
2026-06-06,2215,11,1272,168
2026-06-07,2238,17,1326,190
2026-06-08,2244,7,1280,131
2026-06-09,2227,5,1259,142
2026-06-10,2205,12,1311,170
2026-06-11,2144,10,1221,146
2026-06-12,2127,7,1209,157
2026-06-13,2170,6,1287,137
2026-06-14,2253,11,1313,158
2026-06-15,2328,13,1345,161
2026-06-16,2252,7,1297,167
2026-06-17,1745,8,1011,104
